{"schemaVersion":"1.0","appDefinitionTemplate":{"id":"/providers/Microsoft.PowerApps/apps/","type":"Microsoft.PowerApps/apps","tags":{"sp-site-id":"https://alemanedu.sharepoint.com/sites/Home/Solicitudes","sp-list-id":"ceab14fa-c4c6-4430-9a5d-1e596bbeb5d0","https://alemanedu.sharepoint.com/sites/Home/Solicitudes":"ceab14fa-c4c6-4430-9a5d-1e596bbeb5d0","primaryDeviceWidth":"640","primaryDeviceHeight":"1136","supportsPortrait":"true","supportsLandscape":"true","primaryFormFactor":"Phone","publisherVersion":"3.23034.13","minimumRequiredApiVersion":"2.2.0","hasComponent":"false","hasUnlockedComponent":"false","isUnifiedRootApp":"false","sienaVersion":"20230412T160659Z-3.23034.13.0"},"properties":{"appVersion":"2023-04-12T16:06:59Z","lifeCycleId":"Published","createdByClientVersion":{"major":3,"minor":23034,"build":13,"revision":0,"majorRevision":0,"minorRevision":0},"minClientVersion":{"major":3,"minor":23034,"build":13,"revision":0,"majorRevision":0,"minorRevision":0},"backgroundColor":"RGBA(0,176,240,1)","backgroundImageUri":"/7346404431999139337/Nc81258ba-c482-45f8-bd4f-cb72555a04a5-logoSmallFile","displayName":"App Aseo y cafeteria","description":"","commitMessage":"","appUris":{"documentUri":{"value":"/7346404431999139337/Nbc6be5bd-27a6-439d-bf3f-7ff357d63240-document.msapp"},"imageUris":[],"additionalUris":[]},"createdTime":"0001-01-01T00:00:00Z","lastModifiedTime":"0001-01-01T00:00:00Z","sharedGroupsCount":0,"sharedUsersCount":0,"connectionReferences":{"f2a788f0-9d21-41c0-a5e4-2327a0c401b0":{"id":"e0c546d3-6ab9-477c-9f30-8369c35db1ff","displayName":"SharePoint","iconUri":"https://connectoricons-prod.azureedge.net/releases/v1.0.1627/1.0.1627.3238/sharepointonline/icon.png","dataSources":["Servicios de aseo y cafeteria"],"dependencies":[],"dependents":[],"parameterHints":{},"parameterHintsV2":{},"isOnPremiseConnection":false,"dataSets":{"https://alemanedu.sharepoint.com/sites/Home/Solicitudes":{"dataSources":{"Servicios de aseo y cafeteria":{"tableName":"ceab14fa-c4c6-4430-9a5d-1e596bbeb5d0"}}}},"apiTier":"Standard","isCustomApiConnection":false,"actions":["providers/PowerPlatform.Governance/Operations/Read","providers/PowerPlatform.Governance/Operations/Write","providers/PowerPlatform.Governance/Operations/Delete"]}},"databaseReferences":{},"almMode":"Environment","performanceOptimizationEnabled":true,"canConsumeAppPass":true,"enableModernRuntimeMode":false,"executionRestrictions":{"isTeamsOnly":false,"dataLossPreventionEvaluationResult":{"status":"Compliant","lastEvaluationDate":"2023-04-12T16:07:02.5160012Z","violations":[],"violationsByPolicy":[],"violationErrorMessage":"La aplicación usa los siguientes conectores: shared_sharepointonline."}}},"appType":"ClassicCanvasApp","appComponents":[]}}