{"schemaVersion":"1.0","appDefinitionTemplate":{"id":"/providers/Microsoft.PowerApps/apps/","type":"Microsoft.PowerApps/apps","tags":{"sp-site-id":"https://alemanedu.sharepoint.com/sites/Home/Recursos Humanos","sp-list-id":"8c192143-c2d0-45b9-a7d6-cff738a92eaa","https://alemanedu.sharepoint.com/sites/Home/Recursos Humanos":"8c192143-c2d0-45b9-a7d6-cff738a92eaa","primaryDeviceWidth":"640","primaryDeviceHeight":"1136","supportsPortrait":"true","supportsLandscape":"true","primaryFormFactor":"Phone","publisherVersion":"3.23051.23","minimumRequiredApiVersion":"2.2.0","hasComponent":"false","hasUnlockedComponent":"false","isUnifiedRootApp":"false","sienaVersion":"20230516T214246Z-3.23051.23.0"},"properties":{"appVersion":"2023-05-16T21:42:46Z","lifeCycleId":"Published","createdByClientVersion":{"major":3,"minor":23051,"build":23,"revision":0,"majorRevision":0,"minorRevision":0},"minClientVersion":{"major":3,"minor":23051,"build":23,"revision":0,"majorRevision":0,"minorRevision":0},"backgroundColor":"RGBA(0,176,240,1)","backgroundImageUri":"/5627038495900643925/N8e9bf5a2-e544-473a-8378-95358f4a4bdb-logoSmallFile","displayName":"Consultar para firma","description":"","commitMessage":"","appUris":{"documentUri":{"value":"/5627038495900643925/Nfeffc9a9-cc28-439b-b63e-074137622a21-document.msapp"},"imageUris":[],"additionalUris":[]},"createdTime":"0001-01-01T00:00:00Z","lastModifiedTime":"0001-01-01T00:00:00Z","sharedGroupsCount":0,"sharedUsersCount":0,"connectionReferences":{"eb1db795-4cfe-44da-9e61-ab827c3f7bfe":{"id":"e0c546d3-6ab9-477c-9f30-8369c35db1ff","displayName":"SharePoint","iconUri":"https://connectoricons-prod.azureedge.net/releases/v1.0.1627/1.0.1627.3238/sharepointonline/icon.png","dataSources":["Listado firma no prorroga Mayo 2023"],"dependencies":[],"dependents":[],"parameterHints":{},"parameterHintsV2":{},"isOnPremiseConnection":false,"bypassConsent":false,"dataSets":{"https://alemanedu.sharepoint.com/sites/Home/Recursos Humanos":{"dataSources":{"Listado firma no prorroga Mayo 2023":{"tableName":"8c192143-c2d0-45b9-a7d6-cff738a92eaa"}}}},"apiTier":"Standard","isCustomApiConnection":false,"actions":["providers/PowerPlatform.Governance/Operations/Read"]}},"databaseReferences":{},"almMode":"Environment","performanceOptimizationEnabled":true,"canConsumeAppPass":true,"enableModernRuntimeMode":false,"executionRestrictions":{"isTeamsOnly":false,"dataLossPreventionEvaluationResult":{"status":"Compliant","lastEvaluationDate":"2023-05-16T16:07:27.2545369Z","violations":[],"violationsByPolicy":[],"violationErrorMessage":"La aplicación usa los siguientes conectores: shared_sharepointonline."}}},"appType":"ClassicCanvasApp","appComponents":[]}}