{"schemaVersion":"1.0","appDefinitionTemplate":{"id":"/providers/Microsoft.PowerApps/apps/","type":"Microsoft.PowerApps/apps","tags":{"sp-site-id":"https://alemanedu.sharepoint.com/sites/portaltecnologia","sp-list-id":"3c370785-a289-4da2-ba20-db721ade2d89","https://alemanedu.sharepoint.com/sites/portaltecnologia":"3c370785-a289-4da2-ba20-db721ade2d89","primaryDeviceWidth":"640","primaryDeviceHeight":"1136","supportsPortrait":"true","supportsLandscape":"true","primaryFormFactor":"Phone","showStatusBar":"false","publisherVersion":"3.23092.13","minimumRequiredApiVersion":"2.2.0","hasComponent":"false","hasUnlockedComponent":"false","isUnifiedRootApp":"false","sienaVersion":"20230926T165231Z-3.23092.13.0"},"properties":{"appVersion":"2023-09-26T16:52:31Z","lifeCycleId":"Published","createdByClientVersion":{"major":3,"minor":23092,"build":13,"revision":0,"majorRevision":0,"minorRevision":0},"minClientVersion":{"major":3,"minor":23092,"build":13,"revision":0,"majorRevision":0,"minorRevision":0},"backgroundColor":"RGBA(0,176,240,1)","backgroundImageUri":"/6898378553965761259/N33264d4e-1b57-4e38-8ae6-bfb105126804-logoSmallFile","displayName":"Registro Horas extras","description":"","commitMessage":"","appUris":{"documentUri":{"value":"/6898378553965761259/N86bb8b85-cd3a-4a09-80cd-2859277a5d5e-document.msapp"},"imageUris":[],"additionalUris":[]},"createdTime":"0001-01-01T00:00:00Z","lastModifiedTime":"0001-01-01T00:00:00Z","sharedGroupsCount":0,"sharedUsersCount":0,"connectionReferences":{"235fe6e7-0b14-49aa-8cc9-4ad55e02209c":{"id":"e0c546d3-6ab9-477c-9f30-8369c35db1ff","displayName":"SharePoint","iconUri":"https://connectoricons-prod.azureedge.net/releases/v1.0.1656/1.0.1656.3432/sharepointonline/icon.png","dataSources":["Reporte Horas Extras Tecnología"],"dependencies":[],"dependents":[],"parameterHints":{},"parameterHintsV2":{},"isOnPremiseConnection":false,"bypassConsent":false,"dataSets":{"https://alemanedu.sharepoint.com/sites/portaltecnologia":{"dataSources":{"Reporte Horas Extras Tecnología":{"tableName":"3c370785-a289-4da2-ba20-db721ade2d89"}}}},"apiTier":"Standard","isCustomApiConnection":false,"actions":["providers/PowerPlatform.Governance/Operations/Read","providers/PowerPlatform.Governance/Operations/Write","providers/PowerPlatform.Governance/Operations/Delete"]}},"databaseReferences":{},"almMode":"Environment","performanceOptimizationEnabled":true,"canConsumeAppPass":true,"enableModernRuntimeMode":false,"executionRestrictions":{"isTeamsOnly":false,"dataLossPreventionEvaluationResult":{"status":"Compliant","lastEvaluationDate":"2023-09-26T16:21:15.4092076Z","violations":[],"violationsByPolicy":[],"violationErrorMessage":"La aplicación usa los siguientes conectores: shared_sharepointonline."}}},"appType":"ClassicCanvasApp","appComponents":[]}}