{"schemaVersion":"1.0","appDefinitionTemplate":{"id":"/providers/Microsoft.PowerApps/apps/","type":"Microsoft.PowerApps/apps","tags":{"sp-site-id":"https://alemanedu.sharepoint.com/sites/Lineadorada","sp-list-id":"f2ebcc53-3359-4edd-92a7-c8698399a61a","https://alemanedu.sharepoint.com/sites/Lineadorada":"f2ebcc53-3359-4edd-92a7-c8698399a61a","primaryDeviceWidth":"640","primaryDeviceHeight":"1136","supportsPortrait":"true","supportsLandscape":"false","primaryFormFactor":"Phone","showStatusBar":"true","publisherVersion":"3.23101.23","minimumRequiredApiVersion":"2.2.0","hasComponent":"false","hasUnlockedComponent":"false","isUnifiedRootApp":"false","sienaVersion":"20231019T152905Z-3.23101.23.0"},"properties":{"appVersion":"2023-10-19T15:29:05Z","lifeCycleId":"Published","createdByClientVersion":{"major":3,"minor":23101,"build":23,"revision":0,"majorRevision":0,"minorRevision":0},"minClientVersion":{"major":3,"minor":23101,"build":23,"revision":0,"majorRevision":0,"minorRevision":0},"backgroundColor":"rgba(255, 255, 255, 1)","backgroundImageUri":"/1968976828494019069/Nd1277a48-8001-4415-967d-b5f013754f86-logoSmallFile","displayName":"Estudiantes en ruta app","description":"Versión creada buen estado 2.2","commitMessage":"","appUris":{"documentUri":{"value":"/1968976828494019069/Nb83930f5-5d2c-45c4-a246-a01a3f648bd9-document.msapp"},"imageUris":[],"additionalUris":[]},"createdTime":"0001-01-01T00:00:00Z","lastModifiedTime":"0001-01-01T00:00:00Z","sharedGroupsCount":0,"sharedUsersCount":0,"connectionReferences":{"1bdefec5-74e6-4a78-aee4-f52958df1c87":{"id":"e0c546d3-6ab9-477c-9f30-8369c35db1ff","displayName":"SharePoint","iconUri":"https://connectoricons-prod.azureedge.net/releases/v1.0.1656/1.0.1656.3432/sharepointonline/icon.png","dataSources":["lista linea dorada","Estudiantes Aleman Agosto 14, 2023","Adminlineadorada","Registro de vehiculos Linea dorada","Seguridad_social","Novedades ruta","Seguridad_social_Aux_de Ruta","Seguridad_social_motorista","AdminListLD","Estudiantes jornada talentos"],"dependencies":[],"dependents":[],"parameterHints":{},"parameterHintsV2":{},"isOnPremiseConnection":false,"bypassConsent":false,"dataSets":{"https://alemanedu.sharepoint.com/sites/Lineadorada":{"dataSources":{"lista linea dorada":{"tableName":"f2ebcc53-3359-4edd-92a7-c8698399a61a"},"Estudiantes Aleman Agosto 14, 2023":{"tableName":"dace7416-4fce-4223-b7db-16f4076e8e4f"},"Adminlineadorada":{"tableName":"520e2b57-4c38-4d54-8411-49cf8fceeea8"},"Registro de vehiculos Linea dorada":{"tableName":"2f14f352-2e4a-41f1-b273-327718159a8c"},"Seguridad_social":{"tableName":"d1fc960a-5a00-4099-ba9e-5581c5691822"},"Novedades ruta":{"tableName":"94502190-fd3f-4799-9d28-4ed4e243bfd7"},"Seguridad_social_Aux_de Ruta":{"tableName":"8361285f-af62-40e4-8fdc-62cb054316e8"},"Seguridad_social_motorista":{"tableName":"d1fc960a-5a00-4099-ba9e-5581c5691822"},"AdminListLD":{"tableName":"28ab50fc-3583-420b-a2a9-4d066b125cad"},"Estudiantes jornada talentos":{"tableName":"45e9ac76-d2a6-41ef-8e5f-7816e1be797e"}}}},"apiTier":"Standard","isCustomApiConnection":false,"actions":["providers/PowerPlatform.Governance/Operations/Read","providers/PowerPlatform.Governance/Operations/Write","providers/PowerPlatform.Governance/Operations/Delete"]},"0d82242a-9f30-4b26-ba50-65497c00931b":{"id":"a28c85d3-c4e0-4eca-8e64-8c272318c9dc","displayName":"Servicios espaciales","iconUri":"https://connectoricons-prod.azureedge.net/releases/v1.0.1658/1.0.1658.3454/microsoftspatialservices/icon.png","dataSources":["Serviciosespaciales"],"dependencies":[],"dependents":[],"parameterHints":{},"parameterHintsV2":{},"isOnPremiseConnection":false,"bypassConsent":false,"dataSets":{},"apiTier":"Premium","isCustomApiConnection":false},"8abe4626-0f1a-4a96-81ac-857966f5ea7f":{"id":"e0c546d3-6ab9-477c-9f30-8369c35db1ff","displayName":"SharePoint","iconUri":"https://connectoricons-prod.azureedge.net/releases/v1.0.1656/1.0.1656.3432/sharepointonline/icon.png","dataSources":["Registro general rutas"],"dependencies":[],"dependents":[],"parameterHints":{},"parameterHintsV2":{},"isOnPremiseConnection":false,"bypassConsent":false,"dataSets":{"https://alemanedu.sharepoint.com/sites/Lineadorada":{"dataSources":{"Registro general rutas":{"tableName":"348353c6-b89e-43c9-86e1-14fd8df59c64"}}}},"apiTier":"Standard","isCustomApiConnection":false,"actions":["providers/PowerPlatform.Governance/Operations/Read","providers/PowerPlatform.Governance/Operations/Write"]}},"databaseReferences":{},"almMode":"Environment","performanceOptimizationEnabled":true,"canConsumeAppPass":true,"enableModernRuntimeMode":false,"executionRestrictions":{"isTeamsOnly":false,"dataLossPreventionEvaluationResult":{"status":"Compliant","lastEvaluationDate":"2023-08-15T13:20:51.1376604Z","violations":[],"violationsByPolicy":[],"violationErrorMessage":"La aplicación usa los siguientes conectores: shared_sharepointonline."}}},"appType":"ClassicCanvasApp","appComponents":[]}}