{"schemaVersion":"1.0","appDefinitionTemplate":{"id":"/providers/Microsoft.PowerApps/apps/","type":"Microsoft.PowerApps/apps","tags":{"sp-site-id":"https://alemanedu.sharepoint.com/sites/Home/Solicitudes","sp-list-id":"5f67be5f-1467-498b-b3ac-9e922f226ec3","https://alemanedu.sharepoint.com/sites/Home/Solicitudes":"5f67be5f-1467-498b-b3ac-9e922f226ec3","primaryDeviceWidth":"1136","primaryDeviceHeight":"640","supportsPortrait":"true","supportsLandscape":"true","primaryFormFactor":"Phone","publisherVersion":"3.23093.15","minimumRequiredApiVersion":"2.2.0","hasComponent":"false","hasUnlockedComponent":"false","isUnifiedRootApp":"false","sienaVersion":"20231005T130115Z-3.23093.15.0","showStatusBar":"true"},"properties":{"appVersion":"2023-10-05T13:01:15Z","lifeCycleId":"Published","createdByClientVersion":{"major":3,"minor":23093,"build":15,"revision":0,"majorRevision":0,"minorRevision":0},"minClientVersion":{"major":3,"minor":23093,"build":15,"revision":0,"majorRevision":0,"minorRevision":0},"backgroundColor":"rgba(255, 255, 255, 1)","backgroundImageUri":"/6821233489243584156/N2c91cb05-507d-49d7-b766-b9c275371633-logoSmallFile","displayName":"002-Power Apps Mantenimiento","description":"","commitMessage":"","appUris":{"documentUri":{"value":"/6821233489243584156/N2bc604ee-1621-48fa-8649-045343361c00-document.msapp"},"imageUris":[],"additionalUris":[]},"createdTime":"0001-01-01T00:00:00Z","lastModifiedTime":"0001-01-01T00:00:00Z","sharedGroupsCount":0,"sharedUsersCount":0,"connectionReferences":{"68597c5c-2118-4ea9-b74e-f61130b22436":{"id":"e0c546d3-6ab9-477c-9f30-8369c35db1ff","displayName":"SharePoint","iconUri":"https://connectoricons-prod.azureedge.net/releases/v1.0.1656/1.0.1656.3432/sharepointonline/icon.png","dataSources":["Solicitudes de Mantenimiento","AdminUsersTI"],"dependencies":[],"dependents":[],"parameterHints":{},"parameterHintsV2":{},"isOnPremiseConnection":false,"bypassConsent":false,"dataSets":{"https://alemanedu.sharepoint.com/sites/Home/Solicitudes":{"dataSources":{"Solicitudes de Mantenimiento":{"tableName":"5f67be5f-1467-498b-b3ac-9e922f226ec3"}}},"https://alemanedu.sharepoint.com/sites/portaltecnologia":{"dataSources":{"AdminUsersTI":{"tableName":"e00698ed-0ff1-4946-8cf3-78806df40220"}}}},"apiTier":"Standard","isCustomApiConnection":false,"actions":["providers/PowerPlatform.Governance/Operations/Read","providers/PowerPlatform.Governance/Operations/Write","providers/PowerPlatform.Governance/Operations/Delete"]}},"databaseReferences":{},"almMode":"Environment","performanceOptimizationEnabled":true,"canConsumeAppPass":true,"enableModernRuntimeMode":false,"executionRestrictions":{"isTeamsOnly":false,"dataLossPreventionEvaluationResult":{"status":"Compliant","lastEvaluationDate":"2022-06-21T21:23:32.2494666Z","violations":[],"violationsByPolicy":[],"violationErrorMessage":"La aplicación usa los siguientes conectores: shared_sharepointonline."}}},"appType":"ClassicCanvasApp","appComponents":[]}}